total,items
1876.42,9
1024.55,8
2293.2,15
2498.02,4
679.96,5
910.52,13
1732.86,14
1418.98,3
1623.66,11
1114.47,8
2430.2,11
2321.59,20
1685.33,2
2716.93,20
2019.04,9
1111.34,16
1931.28,9
1062.63,7
2429.16,16
1599.64,14
1505.4,3
1204.21,15
2835.98,16
1526.09,8
1349.18,19
1396.24,13
2078.79,7
1928.41,1
1969.88,14
1985.98,5
4288.71,16
1362.55,11
1299.18,10
1134.34,4
2158.55,15
2719.05,4
1554.21,9
1120.95,17
1128.88,19
2192.43,20
2285.78,20
2088.96,12
1212.6,5
1816.15,17
1724.18,17
1805.17,20
2421.5,14
1809.16,3
2220.55,11
1686.5,9
1863.3,17
2173.47,8
849.19,7
1416.79,2
1323.89,17
1227.22,16
1445.46,1
3205.82,9
1108.07,10
2529.37,10
767.17,19
1407.12,4
1760.3,7
2129.84,4
2253.08,5
2337.9,19
1398.39,19
1328.68,1
2406.89,13
1501.04,5
921.44,4
982.42,6
1081.65,4
2046.16,10
1744.27,20
2232.15,12
1349.83,15
1756.96,10
2167.9,1
1423.39,2
2009.31,6
1214.56,5
1389.4,17
1377.77,17
955.15,18
2036.8,13
1324.47,12
1645.21,13
2031.11,9
2000.07,14
2207.07,16
1565.06,16
1352.24,13
1578.34,2
765.63,15
853.03,8
902.15,15
1044.44,11
1958.43,18
1088.48,7
1379.98,19
2935.56,17
1393.65,7
2279.89,10
1074.78,11
1491.52,16
1066.88,14
1404.5,18
2387.83,8
751.98,11
1989.21,9
1820.71,19
1252.17,7
853.44,12
1689.96,3
1289.14,18
1816.57,8
1652.15,7
3363.71,12
1468.93,10
1032.18,17
1773.44,11
1806.23,11
3015.84,3
2382.25,1
1920.98,8
3160.5,20
958.2,19
1226.74,13
1078.19,13
1372.77,8
880.5,4
2177.25,1
1480.3,7
843.99,7
1035.86,4
1883.87,6
2385.48,1
4017.96,13
6070.75,19
1971.37,14
1048.07,9
626.77,9
1845.43,7
1134.76,3
1357.08,12
1242.1,12
1535.55,1
2643.06,9
1755.79,6
1523.27,4
1026.55,15
770.0,11
1314.43,13
1596.87,15
3624.85,20
1734.76,17
2545.88,13
1306.77,18
959.85,10
1059.65,20
1180.45,16
4263.35,14
1130.46,19
2385.87,11
1089.73,15
2487.93,6
1945.41,20
1524.64,13
1606.25,16
1218.46,10
1999.66,18
1333.09,2
942.44,3
920.51,11
1768.11,15
3329.55,17
1758.11,9
1550.93,13
1860.54,12
2944.52,20
1805.73,14
1359.79,9
2691.44,20
1984.14,3
3265.25,20
1776.6,4
942.93,6
883.89,17
3438.94,15
3553.36,20
1509.02,15
1376.87,13
3157.86,7
994.09,1
1093.76,3
2185.28,6
1369.81,1
1632.22,11
1519.98,16
1904.37,20
3082.1,10
1704.05,18
2185.88,20
650.29,18
1600.51,10
1119.4,7
945.33,20
1101.94,5
1407.6,9
2470.45,2
900.66,16
1658.69,13
1315.7,2
1411.7,5
2568.92,12
2084.22,11
2986.42,17
1526.1,6
1196.11,19
1479.21,9
1824.61,17
1771.28,5
1004.28,1
1703.98,2
1812.94,8
5078.97,20
3806.94,1
1114.37,8
1437.52,3
846.79,19
1254.11,14
1885.64,16
2814.77,15
1178.4,14
1218.81,16
622.49,1
1520.51,18
1014.26,15
1289.17,15
1102.58,8
1568.04,17
741.76,8
845.42,1
4264.85,19
916.59,5
998.69,3
3739.14,13
6046.77,5
965.64,18
1386.15,9
1907.79,1
3561.42,20
1049.34,11
1465.02,6
2321.11,14
1989.51,11
1381.23,1
1540.37,16
881.21,9
1469.71,14
1451.17,18
1816.15,13
1274.24,14
2022.71,6
2580.46,5
1754.51,9
1916.57,18
1675.59,11
1636.05,7
1182.4,16
1886.39,18
1565.91,19
4196.16,6
3320.96,15
1946.19,12
1160.52,9
991.69,8
2796.19,3
1841.32,6
2030.56,11
746.16,18
2483.31,18
2007.19,4
992.58,14
1323.21,2
1842.12,14
1675.07,7
1434.43,9
1561.54,15
1460.61,9
1752.25,17
3172.17,11
515.43,20
1470.59,13
1771.23,6
1869.07,16
1383.87,9
742.09,11
1896.18,3
3559.26,3
820.38,12
2413.23,4
1411.15,20
1591.46,18
1018.61,15
1407.39,15
2936.64,12
2126.42,2
3567.21,8
2778.97,10
1993.38,19
3585.92,5
1993.3,10
2374.62,7
1431.59,3
1685.72,3
1195.31,8
2553.74,2
962.72,2
2326.35,8
1501.48,5
2771.27,12
2293.63,1
3711.87,7
2272.98,10
806.4,20
1587.43,13
965.45,18
1295.66,7
3229.4,9
2179.59,9
1194.5,18
1036.73,20
1660.3,20
946.29,16
1209.53,11
1882.59,11
2751.47,20
2151.55,6
583.43,7
1876.13,18
1689.88,8
1970.91,5
3385.63,12
646.48,7
1253.89,18
2134.33,19
802.94,7
3178.54,11
1930.94,20
2394.58,15
1265.31,5
2359.47,12
2646.02,13
1816.73,14
1817.98,1
1847.62,6
1109.31,18
1530.9,5
1527.47,6
1944.05,7
2565.53,4
1016.03,4
1546.49,7
3186.43,18
1170.73,1
1130.02,6
1791.91,2
2392.21,12
1644.42,6
2975.1,16
2405.61,12
2389.45,16
2099.29,13
4663.14,9
1491.71,18
664.09,10
3367.46,19
1331.47,20
1717.36,12
2949.23,14
795.51,6
931.47,17
795.86,14
1144.4,19
1993.88,6
2071.2,16
1852.56,10
866.32,4
578.51,4
1676.49,12
1323.06,7
2011.68,3
2243.69,9
1740.99,14
2303.21,7
1813.74,20
2076.69,16
1191.42,11
1508.96,19
1787.46,9
2366.67,3
1370.34,1
2068.39,19
1451.53,20
1551.7,15
2376.26,3
667.22,6
912.86,1
839.68,2
572.42,5
1205.66,12
2292.15,2
1439.14,20
1788.27,10
2670.84,6
2973.39,11
1585.87,16
3008.25,7
1705.23,1
1122.34,2
1252.03,18
840.3,3
1097.01,13
1392.55,8
2348.69,16
3548.73,2
878.33,18
1952.32,14
1024.29,9
2025.58,5
1542.27,20
717.73,7
2484.27,10
1246.07,8
1286.58,5
1010.92,9
1218.74,4
1983.37,1
1502.43,6
1896.75,3
1925.35,9
2964.01,18
1402.13,4
841.69,1
2644.53,3
1409.27,11
2701.51,6
1944.03,10
1542.24,1
1914.0,7
3936.14,9
4165.71,9
1687.87,12
1758.27,16
2655.29,10
1118.17,17
1900.52,11
1617.05,6
1884.2,5
1124.38,7
800.07,12
643.65,5
989.48,19
1330.88,10
1433.77,18
3911.8,14
2691.08,7
1061.1,5
1913.08,15
1362.14,7
1439.48,5
1778.27,19
2161.65,10
1404.36,1
2640.53,10
978.6,10
1640.66,18
5265.61,15
1808.74,4
3118.0,4
1704.77,13
2124.62,1
1594.71,7
1515.22,3
1151.97,1
1985.52,19
1115.22,2
2207.27,1
2666.12,19
1929.35,4
1438.26,17
2006.78,1
1423.82,4
2492.39,3
717.57,15
1406.66,13
667.9,10
834.83,5
